Cell Name,Lineaging Name
AB,P0 a
ADAL,AB plapaaaapp
ADAR,AB prapaaaapp
ADEL,AB plapaaaapa
ADER,AB prapaaaapa
ADEshL,AB arppaaaa
ADEshR,AB arpppaaa
ADEsoL,H2L.aa
ADEsoR,H2R.aa
ADFL,AB alpppppaa
ADFL,AB alpppppaa
ADFR,AB praaappaa
ADLL,AB alppppaad
ADLR,AB praaapaad
AFDL,AB alpppapav
AFDR,AB praaaapav
AIAL,AB plppaappa
AIAR,AB prppaappa
AIBL,AB plaapappa
AIBR,AB praapappa
AIML,AB plpaapppa
AIMR,AB prpaapppa
AINL,AB alaaaalal
AINR,AB alaapaaar
AIYL,AB plpapaaap
AIYR,AB prpapaaap
AIZL,AB plapaaapav
AIZR,AB prapaaapav
ALA,AB alapppaaa
ALML,AB.arppaappa
ALMR,AB arpppappa
ALNL,AB plapappppap
ALNR,AB prapappppap
AMshL,AB plaapaapp
AMshR,AB praapaapp
AMsoL,AB plpaapapa
AMsoR,AB prpaapapa
AQR,QR.ap
AS1,P1.apa
AS2,P2.apa
AS3,P3.apa
AS4,P4.apa
AS5,P5.apa
AS6,P6.apa
AS7,P7.apa
AS8,P8.apa
AS9,P9.apa
AS10,P10.apa
AS11,P11.apa
ASEL,AB alppppppaa
ASER,AB praaapppaa
ASGL,AB plaapapap
ASGR,AB praapapap
ASHL,AB plpaappaa
ASHR,AB prpaappaa
ASIL,AB plaapapppa
ASIR,AB praapapppa
ASJL,AB alpppppppa
ASJR,AB praaappppa
ASKL,AB alpppapppa
ASKR,AB praaaapppa
AUAL,AB alpppppppp
AUAR,AB praaappppp
AVAL,AB alppaaapa
AVAR,AB alaappapa
AVBL,AB plpaapaap
AVBR,AB prpaapaap
AVDL,AB alaaapalr
AVDR,AB alaaapprl
AVEL,AB alpppaaaa
AVER,AB praaaaaaa
AVFL/R,P1.aaaa
AVFL/R,W.aaa
AVG,AB prpapppap
AVHL,AB alapaaaaa
AVHR,AB alappapaa
AVJL,AB alapapppa
AVJR,AB alapppppa
AVKL,AB plpapapap
AVKR,AB prpapapap
AVL,AB prpappaap
AVM,QR.paa
AWAL,AB plaapapaa
AWAR,AB praapapaa
AWBL,AB alpppppap
AWBR,AB praaappap
AWCL,AB plpaaaaap
AWCR,AB prpaaaaap
B,AB prppppapa
BAGL,AB alppappap
BAGR,AB arappppap
BDUL,AB arppaappp
BDUR,AB arpppappp
C,P0 ppa
CA1,P3.aapa
CA2,P4.aapa
CA3,P5.aapa
CA4,P6.aapa
CA5,P7.aapa
CA6,P8.aapa
CA7,P9.aapa
CA8,P10.aapa
CA9,P11.aapa
CANL,AB alapaaapa
CANR,AB alappappa
CEMDL,AB plaaaaaap
CEMDR,AB arpapaaap
CEMVL,AB plpaapapp
CEMVR,AB prpaapapp
CEPDL,AB plaaaaappa
CEPDR,AB arpapaappa
CEPVL,AB plpaappppa
CEPVR,AB prpaappppa
CEPshDL,AB arpaaaapp
CEPshDR,AB arpaaapap
CEPshVL,AB plpaaapap
CEPshVR,AB prpaaapap
CEPsoDL,AB alapapppp
CEPsoDR,AB alapppppp
CEPsoVL,AB alppaappp
CEPsoVR,AB alaapappp
CPO,P2.aap
CP1,P3.aapp
CP2,P4.aapp
CP3,P5.aapp
CP4,P6.aapp
CP5,P7.aapp
CP6,P8.aapp
CP7,P9.aapp
CP8,P10.aapp
CP9,P11.aapp
D,P0.pppa
DA1,AB prppapaap
DA2,AB plppapapa
DA3,AB prppapapa
DA4,AB plppapapp
DA5,AB prppapapp
DA6,AB plpppaaap
DA7,AB prpppaaap
DA8,AB prpapappp
DA9,AB plpppaaaa
DB1/3,AB plpaaaapp
DB2,AB arappappa
DB3/1,AB prpaaaapp
DB4,AB prpappapp
DB5,AB plpapappp
DB6,AB plppaappp
DB7,AB prppaappp
DD1,AB plppappap
DD2,AB prppappap
DD3,AB plppapppa
DD4,AB prppapppa
DD5,AB plppapppp
DD6,AB prppapppp
DVA,AB prppppapp
DVB,K.p
DVC,C aapaa
DVE,B.ppap
DVF,B.ppppa
DX1/2,F.lvda
DX1/2,F.rvda
DX3/4,U.laa
DX3/4,U.raa
E,P0 pap
EF1/2,F.lvda
EF1/2,F.rvda
EF3/4,U.lap
EF3/4,U.rap
F,AB plppppapp
FLPL,AB plapaaapad
FLPR,AB prapaaapad
GLRDL,MS aaaaaal
GLRDR,MS aaaaaar
GLRL,MS apaaaad
GLRR,MS ppaaaad
GLRVL,MS apaaaav
GLRVR,MS ppaaaav
G1,AB prpaaaapa
G2,AB plapaapa
HOL,AB plaaappa
HOR,AB arpapppa
H1L,AB plaaappp
H1R,AB arpapppp
H2L,AB arppaaap
H2R,AB arpppaap
HOA,P10.pppa
HOB,P10.ppap
HOsh,P10.ppppp
HOso,P10.ppaa
HSNL,AB plapppappa
HSNR,AB prapppappa
I1L,AB alpapppaa
I1R,AB arapappaa
I2L,AB alpappaapa
I2R,AB arapapaapa
I3,MS aaaaapaa
I4,MS aaaapaa
I5,AB arapapapp
I6,MS paaapaa
IL1DL,AB alapappaaa
IL1DR,AB alappppaaa
IL1L,AB alapaappaa
IL1R,AB alaappppaa
IL1VL,AB alppapppaa
IL1VR,AB arapppppaa
IL2DL,AB alapappap
IL2DR,AB alappppap
IL2L,AB alapaappp
IL2R,AB alaappppp
IL2VL,AB alppapppp
IL2VR,AB arapppppp
ILshDL,AB alaaaparr
ILshDR,AB alaaappll
ILshL,AB alaaaalpp
ILshR,AB alaapaapp
ILshVL,AB alppapaap
ILshVR,AB arapppaap
ILsoDL,AB plaapaaap
ILsoDR,AB praapaaap
ILsoL,AB alaaapall
ILsoR,AB alaaapprr
ILsoVL,AB alppapapp
ILsoVR,AB arapppapp
K,AB plpapppaa
K',AB plpapppap
K.a,K.a
LUAL,AB plpppaapap
LUAR,AB prpppaapap
M,MS apaapp
M1,MS paapaaa
M2L,AB araapappa
M2R,AB araappppa
M3L,AB araapappp
M3R,AB araappppp
M4,MS paaaaaa
M5,MS paaapap
MCL,AB alpaaappp
MCR,AB arapaappp
MI,AB araappaaa
MCML,AmsoL
MCMR,AmsoR
MS,P0 paa
NSML,AB araapapaav
NSMR,AB araapppaav
OLLL,AB alppppapaa
OLLR,AB praaapapaa
OLLshL,AB alpppaapd
OLLshR,AB praaaaapd
OLLsoL,AB alapaaapp
OLLsoR,AB alappappp
OLQDL,AB alapapapaa
OLQDR,AB alapppapaa
OLQVL,AB plpaaappaa
OLQVR,AB prpaaappaa
OLQshDL,AB arpaaaapa
OLQshSR,AB arpaaapaa
OLQshVL,AB alpppaaap
OLQshVR,AB praaaaaap
OLQsoDL,AB arpaaaaal
OLQsoDR,AB arpaaaaar
OLQsoVL,AB alppaaapp
OLQsoVR,AB alaappapp
P0,Z
P4,P0 pppp
P1/2L,AB plapaapp
P1/2R,AB prapaapp
P3/4L,AB plappaaa
P3/4R,AB prappaaa
P5/6L,AB plappaap
P5/6R,AB prappaap
P7/8L,AB plappapp
P7/8R,AB prappapp
P9/10L,AB plapapap
P9/10R,AB prapapap
P11,AB plapappa
P12,AB prapappa
PCAL,Y.plppd
PCAR,Y.prppd
PCBL,Y.plpa
PCBR,Y.prpa
PCCL,B.arpaaa
PCCR,B.alpaaa
PChL,Y.plaa
PChR,Y.praa
PCshL,Y.plppv
PCshR,Y.prppv
PCsoL,Y.plap
PCsoR,Y.prap
PDA,AB prpppaaaa
PDB,P12.apa
PDC,P11.papa
PDEL,V5L.paaa
PDER,V5R.paaa
PDEshL,V5L.papp
PDEshR,V5R.papp
PdEsoL,V5L.papa
PdEsoR,V5R.papa
PGA,P11.papp
PHAL,AB plpppaapp
PHAR,AB prpppaapp
PHBL,AB plapppappp
PHRB,AB prapppappp
PHCL,TL.pppaa
PHCR,TR.pppaa
PHshL,AB plpppapaa
PHshR,AB prpppapaa
PHso1L,TL.paa
PHso1R,TR.paa
PHso2L,TL.pap
PHso2R,TR.pap
PLML,AB plapappppaa
PLMR,AB prapappppaa
PLNL,TL.pppap
PLNR,TR.pppap
PQR,QL.ap
PVCL,AB plpppaapaa
PVCR,AB prpppaapaa
PVDL,V5L.paapa
PVDR,V5R.paapa
PVM,QL.paa
PVNL,TL.appp
PVNR,TR.appp
PVPL,AB plppppaaa
PVPR,AB prppppaaa
PVQL,AB plapppaaa
PVQR,AB prapppaaa
PVR,C aappv
PVT,AB plpappppa
PVV,P11.paaa
PVWL,TL.ppa
PVWR,TR.ppa
PVX,P12.aap
PVY,P11.paap
PVZ,P10.ppppa
QL,AB plapapaaa
QR,AB prapapaaa
R1AL,"V5L.pppppaaa, R1.aaa"
R1AR,"V5R.pppppaaa, R1.aaa"
R1BL,"V5L.pppppapa, R1.apa"
R1BR,"V5R.pppppapa, R1.apa"
R1stL,"V5L.pppppapp, R1.app"
R1stR,"V5R.pppppapp, R1.app"
R2AL,"V6L.papapaaa, R2.aaa"
R2AR,"V6R.papapaaa, R2.aaa"
R2BL,"V6L.papapapa, R2.apa"
R2BR,"V6R.papapapa, R2.apa"
R2stL,"V6L.papapapp, R2.app"
R2stR,"V6R.papapapp, R2.app"
R3AL,"V6L.papppaaa, R3.aaa"
R3AR,"V6R.papppaaa, R3.aaa"
R3BL,"V6L.papppapa, R3.apa"
R3BR,"V6R.papppapa, R3.apa"
R3stL,"V6L.papppapp, R3.app"
R3stR,"V6R.papppapp, R3.app"
R4AL,"V6L.pppapaaa, R4.aaa"
R4AR,"V6R.pppapaaa, R4.aaa"
R4BL,"V6L.pppapapa, R4.apa"
R4BR,"V6R.pppapapa, R4.apa"
R4stL,"V6L.pppapapp, R4.app"
R4stR,"V6R.pppapapp, R4.app"
R5AL,"V6L.pppppaaa, R5.aaa"
R5AR,"V6R.pppppaaa, R5.aaa"
R5BL,"V6L.pppppapa, R5.apa"
R5BR,"V6R.pppppapa, R5.apa"
R5stL,"V6L.pppppapp, R5.app"
R5stR,"V6R.pppppapp, R5.app"
R6AL,"V6L.ppppaaaa, R6.aaa"
R6AR,"V6R.ppppaaaa, R6.aaa"
R6BL,"V6L.ppppaapa, R6.apa"
R6BR,"V6R.ppppaapa, R6.apa"
R6stL,"V6L.ppppaapp, R6.app"
R6stR,"V6R.ppppaapp, R6.app"
R7AL,"TL.apappaaa, R7.aaa"
R7AR,"TR.apappaaa, R7.aaa"
R7BL,"TL.apappapa, R7.apa"
R7BR,"TR.apappapa, R7.apa"
R7stL,"TL.apappapp, R7.app"
R7stR,"TR.apappapp, R7.app"
R8AL,"TL.appaaaaa, R8.aaa"
R8AR,"TR.appaaaaa, R8.aaa"
R8BL,"TL.appaaapa, R8.apa"
R8BR,"TR.appaaapa, R8.apa"
R8stL,"TL.appaaapp, R8.app"
R8stR,"TR.appaaapp, R8.app"
R9AL,"TL.appapaaa, R9.aaa"
R9AR,"TR.appapaaa, R9.aaa"
R9BL,"TL.appapapa, R9.apa"
R9BR,"TR.appapapa, R9.apa"
R9stL,"TL.appapapp, R9.app"
R9stR,"TR.appapapp, R9.app"
RIAL,AB alapaapaa
RIAR,AB alaapppaa
RIBL,AB plpaappap
RIBR,AB prpaappap
RICL,AB plppaaaapp
RICR,AB prppaaaapp
RID,AB alappaapa
RIFL,AB plppapaaap
RIFR,AB prppapaaap
RIGL,AB plppappaa
RIGR,AB prppappaa
RIH,AB prpappaaa
RIML,AB plppaapap
RIMR,AB prppaapap
RIPL,AB alpapaaaa
RIPR,AB arappaaaa
RIR,AB prpapppaa
RIS,AB prpappapa
RIVL,AB plpaapaaa
RIVR,AB prpaapaaa
RMDDL,AB alpapapaa
RMDDR,AB arappapaa
RMDL,AB alpppapad
RMDR,AB praaaapad
RMDVL,AB alppapaaa
RMDVR,AB arapppaaa
RMED,AB alapppaap
RMEL,AB alaaaarlp
RMER,AB alaaaarrp
RMEV,AB plpappaaa
RMFL,G2.al
RMFR,G2.ar
RMGL,AB plapaaapp
RMGR,AB prapaaapp
RMHL,G1.l
RMHR,G1.r
SAADL,AB alppapapa
SAADR,AB arapppapa
SAAVL,AB plpaaaaaa
SAAVR,AB prpaaaaaa
SABD,AB plppapaap
SABVL,AB plppapaaaa
SABVR,AB prppapaaaa
SDQL,QL.pap
SDQR,QR.pap
SIADL,AB plpapaapa
SIADR,AB prpapaapa
SIAVL,AB plpapappa
SIAVR,AB prpapappa
SIBDL,AB plppaaaaa
SIBDR,AB prppaaaaa
SIBVL,AB plpapaapp
SIBVR,AB prpapaapp
SMBDL,AB alpapapapp
SMBDR,AB arappapapp
SMBVL,AB alpapappp
SMBVR,AB arappappp
SMDDL,AB plpapaaaa
SMDDR,AB prpapaaaa
SMDVL,AB alppappaa
SMDVR,AB arappppaa
SPCL,B.alpaap
SPCR,B.arpaap
SPDL,B.alpapaa
SPDR,B.arpapaa
SPVL,B.al/raalda
SPVR,B.al/raarda
SPshDL,B.alpapap
SPshDR,B.arpapap
SPshVL,B.al/raaldp
SpshVR,B.al/raarda
SPso1L,B.al/rpppl
SPso1R,B.al/rpppr
SPso2L,B.al/raald
SPso2R,B.al/raard
SPso3L,B.al/raalv
SPso3R,B.al/raarv
SPso4L,B.alpapp
SPso4r,B.arpapp
TL,AB plappppp
TR,AB prappppp
U,AB plppppapa
URADL,AB plaaaaaaa
URADR,AB arpapaaaa
URAVL,AB plpaaapaa
URAVR,AB prpaaapaa
URBL,AB plaapaapa
URBR,AB praapaapa
URXL,AB plaaaaappp
URXR,AB arpapaappp
URYDL,AB alapapapp
URYDR,AB alapppapp
URYVL,AB plpaaappp
URYVR,AB prpaaappp
V1L,AB arppapaa
V1R,AB arppppaa
V2L,AB arppapap
V2R,AB arppppap
V3L,AB plappapa
V3R,AB prappapa
V4L,AB arppappa
V4R,AB arpppppa
V5L,AB plapapaap
V5R,AB prapapaap
V6L,AB arppappp
V6R,AB arpppppp
VA1,W.pa
VA2,P2.aaaa
VA3,P3.aaaa
VA4,P4.aaaa
VA5,P5.aaaa
VA6,P6.aaaa
VA7,P7.aaaa
VA8,P8.aaaa
VA9,P9.aaaa
VA10,P10.aaaa
VA11,P11.aaaa
VA12,P12.aaaa
VB1,P1.aaap
VB2,W.aap
VB3,P2.aaap
VB4,P3.aaap
VB5,P4.aaap
VB6,P5.aaap
VB7,P6.aaap
VB8,P7.aaap
VB9,P8.aaap
VB10,P9.aaap
VB11,P10.aaap
VC1,P3.aap
VC2,P4.aap
VC3,P5.aap
VC4,P6.aap
VC5,P7.aap
VC6,P8.aap
VD1,W.pp
VD2,P1.app
VD3,P2.app
VD4,P3.app
VD5,P4.app
VD6,P5.app
VD7,P6.app
VD8,P7.app
VD9,P8.app
VD10,P9.app
VD11,P10.app
VD12,P11.app
VD13,P12.app
W,AB prapaapa
XXXL,AB plaaapaa
XXXR,AB arpappaa
Y,AB prpppaaaa
Z1,MS pppaap
Z2,P4 p
Z3,P4 a
Z4,MS appaap
arc ant DR,AB araaapppa
arc ant DL,AB alpaappaa
arc ant V,AB alpapaapa
arc post DL,AB alpaapaaa
arc post VL,AB alpaappap
arc post DR,AB araaapaaa
arc post D,AB araaappaa
arc post VR,AB araaappap
arc post V,AB arapapapa
cc herm DL,M.dlpa
cc herm DR,M.drpa
cc male D,M.dlpappp
ccAL,MS apapaaa
ccAR,MS ppapaaa
ccPL,MS apapaap
ccPR,MS ppapaap
e1D,AB araaaapap
e1VL,AB araaaaaaa
e1VR,AB araaaaapa
e2DL,AB alpaapaap
e2DR,AB araaapaap
e2V,AB alpappapa
e3D,AB araapaaaa
e3VL,AB alpaaaaaa
e3VR,AB arapaaaaa
exc_cell,AB plpappaap
exc_duct,AB plpaaaapa
exc_gl_L,AB plpapapaa
exc_gl_R,AB prpapapaa
exc_socket,G2.p
g1AL,MS aapaapaa
g1AR,MS papaapaa
g1P,MS aaaaapap
g2L,MS aapapaa
g2R,MS papapaa
gon_herm_anch,Z1.ppp/Z4.aaa
gon_herm_dtc_A,Z1.aa
gon_herm_dtc_B,Z4.pp
gon_herm_dish_A,Z1.apa
gon_herm_dish_A,Z1.paaa
gon_herm_dish_P,Z4.pap
gon_herm_dish_P,Z4.appp
gon_herm_prsh_A,Z1.appaaa
gon_herm_prsh_A,Z1.appaap
gon_herm_prsh_A,Z1.appapa
gon_herm_prsh_A,Z1.appapp
gon_herm_prsh_A,Z1.paapaaa
gon_herm_prsh_A,Z1.paapaap
gon_herm_prsh_A,Z1.paapapa
gon_herm_prsh_A,Z1.paapapp
gon_herm_prsh_P,Z4.paapaa
gon_herm_prsh_P,Z4.paapap
gon_herm_prsh_P,Z4.paappa
gon_herm_prsh_P,Z4.paappp
gon_herm_prsh_P,Z4.appapaa
gon_herm_prsh_P,Z4.appapap
gon_herm_prsh_P,Z4.appappa
gon_herm_prsh_P,Z4.appappp
gon_herm_spth_A,Z1.apppaaaa
gon_herm_spth_A,Z1.apppaaap
gon_herm_spth_A,Z1.apppaapa
gon_herm_spth_A,Z1.apppaapp
gon_herm_spth_A,Z1.apppapaa
gon_herm_spth_A,Z1.apppapap
gon_herm_spth_A,Z1.apppapp
gon_herm_spth_A,Z1.appppa
gon_herm_spth_A,Z1.appppp
gon_herm_spth_A,Z1.paappaaaa
gon_herm_spth_A,Z1.paappaaap
gon_herm_spth_A,Z1.paappaapa
gon_herm_spth_A,Z1.paappaapp
gon_herm_spth_A,Z1.paappapaa
gon_herm_spth_A,Z1.paappapap
gon_herm_spth_A,Z1.paappapp
gon_herm_spth_A,Z1.paapppa
gon_herm_spth_A,Z1.paapppp
gon_herm_spth_A,Z1.papaaad
gon_herm_spth_A,Z1.papaaav
gon_herm_spth_A,Z1.papaapv
gon_herm_spth_A,Z4.apaaaad
gon_herm_spth_A,Z4.apaaaav
gon_herm_spth_A,Z4.apaaapv
gon_herm_spth_P,Z4.paaaaa
gon_herm_spth_P,Z4.paaaap
gon_herm_spth_P,Z4.paaapaa
gon_herm_spth_P,Z4.paaapapa
gon_herm_spth_P,Z4.paaapapp
gon_herm_spth_P,Z4.paaappaa
gon_herm_spth_P,Z4.paaappap
gon_herm_spth_P,Z4.paaapppa
gon_herm_spth_P,Z4.paaapppp
gon_herm_spth_P,Z4.appaaaa
gon_herm_spth_P,Z4.appaaap
gon_herm_spth_P,Z4.appaapaa
gon_herm_spth_P,Z4.appaapapa
gon_herm_spth_P,Z4.appaapapp
gon_herm_spth_P,Z4.appaappaa
gon_herm_spth_P,Z4.appaappap
gon_herm_spth_P,Z4.appaapppa
gon_herm_spth_P,Z4.appaapppp
gon_herm_spth_P,Z4.apappav
gon_herm_spth_P,Z4.apapppd
gon_herm_spth_P,Z4.apapppv
gon_herm_spth_P,Z1.papppav
gon_herm_spth_P,Z1.pappppd
gon_herm_spth_P,Z1.pappppv
gon_herm_sujn_A,Z1.papaapd
gon_herm_sujn_A,Z1.papapaaa
gon_herm_sujn_A,Z1.ppaaaaa
gon_herm_sujn_A,Z1.ppaaapa
gon_herm_sujn_A,Z4.apaaapd
gon_herm_sujn_A,Z4.apaapaaa
gon_herm_sujn_P,Z1.pappappp
gon_herm_sujn_P,Z1.papppad
gon_herm_sujn_P,Z4.apapappp
gon_herm_sujn_P,Z4.apappad
gon_herm_sujn_P,Z4.aapppap
gon_herm_sujn_P,Z4.aappppp
gon_herm_dut,Z1.papapaap
gon_herm_dut,Z1.papapapa
gon_herm_dut,Z1.papapapp
gon_herm_dut,Z1.papappaa
gon_herm_dut,Z1.papappap
gon_herm_dut,Z1.papapppa
gon_herm_dut,Z1.papapppp
gon_herm_dut,Z1.pappaaaa
gon_herm_dut,Z1.pappaaap
gon_herm_dut,Z1.pappaapa
gon_herm_dut,Z1.pappaapp
gon_herm_dut,Z1.pappapaa
gon_herm_dut,Z1.pappapap
gon_herm_dut,Z1.pappappa
gon_herm_dut,Z4.apaapaap
gon_herm_dut,Z4.apaapapa
gon_herm_dut,Z4.apaapapp
gon_herm_dut,Z4.apaappaa
gon_herm_dut,Z4.apaappap
gon_herm_dut,Z4.apaapppa
gon_herm_dut,Z4.apaapppp
gon_herm_dut,Z4.apapaaaa
gon_herm_dut,Z4.apapaaap
gon_herm_dut,Z4.apapaapa
gon_herm_dut,Z4.apapaapp
gon_herm_dut,Z4.apapapaa
gon_herm_dut,Z4.apapapap
gon_herm_dut,Z4.apapappa
gon_herm_vut,Z1.ppaaaap
gon_herm_vut,Z1.ppaaapp
gon_herm_vut,Z1.ppaapaa
gon_herm_vut,Z1.ppaapap
gon_herm_vut,Z1.ppaappa
gon_herm_vut,Z1.ppaappp
gon_herm_vut,Z1.ppapaaa
gon_herm_vut,Z1.ppapaap
gon_herm_vut,Z1.ppapapa
gon_herm_vut,Z1.ppapapp
gon_herm_vut,Z1.ppappd
gon_herm_vut,Z1.pppaad
gon_herm_vut,Z1.pppaav
gon_herm_vut,Z1.pppapd
gon_herm_vut,Z1.pppapv
gon_herm_vut,Z1.ppppad
gon_herm_vut,Z1.ppppav
gon_herm_vut,Z1.pppppaa
gon_herm_vut,Z1.pppppap
gon_herm_vut,Z1.ppppppa
gon_herm_vut,Z1.ppppppp
gon_herm_vut,Z4.aapaad
gon_herm_vut,Z4.aapaav
gon_herm_vut,Z4.aapapd
gon_herm_vut,Z4.aapapv
gon_herm_vut,Z4.aappaaa
gon_herm_vut,Z4.aappaap
gon_herm_vut,Z4.aappapa
gon_herm_vut,Z4.aappapp
gon_herm_vut,Z4.aapppaa
gon_herm_vut,Z4.aappppa
gon_herm_vut,Z1.ppaaaap
gon_herm_vut,Z1.ppaaapp
gon_herm_vut,Z1.ppaapaa
gon_herm_vut,Z1.ppaapap
gon_herm_vut,Z1.ppaappa
gon_herm_vut,Z1.ppaappp
gon_herm_vut,Z1.ppapad
gon_herm_vut,Z1.ppapav
gon_herm_vut,Z1.ppappd
gon_herm_vut,Z1.ppappv
gon_herm_vut,Z4.aaaaaaa
gon_herm_vut,Z4.aaaaaap
gon_herm_vut,Z4.aaaaapa
gon_herm_vut,Z4.aaaaapp
gon_herm_vut,Z4.aaaapd
gon_herm_vut,Z4.aaaapv
gon_herm_vut,Z4.aaapad
gon_herm_vut,Z4.aaapav
gon_herm_vut,Z4.aaappv
gon_herm_vut,Z4.aaappd
gon_herm_vut,Z4.aapaad
gon_herm_vut,Z4.aapaav
gon_herm_vut,Z4.aapapaa
gon_herm_vut,Z4.aapapap
gon_herm_vut,Z4.aapappa
gon_herm_vut,Z4.aapappp
gon_herm_vut,Z4.aappaaa
gon_herm_vut,Z4.aappaap
gon_herm_vut,Z4.aappppa
gon_herm_vut,Z4.aappppp
gon_herm_vut,Z4.aapppaa
gon_herm_vut,Z4.aapppap
gon_male_dtc,Z1.a
gon_male_dtc,Z1.p
gon_male_link,Z1.paa/Z4.aaa
gon_male_sves,Z1.ppaaaaa
gon_male_sves,Z1.ppaaaap
gon_male_sves,Z1.ppaaap
gon_male_sves,Z1.ppaap
gon_male_sves,Z1.ppap
gon_male_sves,Z1.pppaaaa
gon_male_sves,Z1.pppaaap
gon_male_sves,Z1.pppaap
gon_male_sves,Z1.pppap
gon_male_sves,Z1.pppp
gon_male_sves,Z1.pappp
gon_male_sves,Z4.aaapp
gon_male_sves,Z4.aappp
gon_male_sves,Z4.apaaaaa
gon_male_sves,Z4.apaaaap
gon_male_sves,Z4.apaaap
gon_male_sves,Z4.apaap
gon_male_sves,Z4.apap
gon_male_sves,Z4.appaaaa
gon_male_sves,Z4.appaaap
gon_male_sves,Z4.appaap
gon_male_sves,Z4.appap
gon_male_sves,Z4.appp
gon_male_sves,Z1.paapp
gon_male_vdef,Z1.papaaaa
gon_male_vdef,Z1.papaaap
gon_male_vdef,Z1.papaapaa
gon_male_vdef,Z1.papaapap
gon_male_vdef,Z1.papaappaa
gon_male_vdef,Z1.papaappap
gon_male_vdef,Z1.papaappp
gon_male_vdef,Z1.papapa
gon_male_vdef,Z1.papapp
gon_male_vdef,Z1.pappa
gon_male_vdef,Z4.aaaaaaa
gon_male_vdef,Z4.aaaaaap
gon_male_vdef,Z4.aaaaapaa
gon_male_vdef,Z4.aaaaapap
gon_male_vdef,Z4.aaaaappaa
gon_male_vdef,Z4.aaaaappap
gon_male_vdef,Z4.aaaaappp
gon_male_vdef,Z4.aaaapa
gon_male_vdef,Z4.aaaapp
gon_male_vdef,Z4.aaapa
gon_male_vdef,Z4.aapaaaa
gon_male_vdef,Z4.aapaaap
gon_male_vdef,Z4.aapaapaa
gon_male_vdef,Z4.aapaapap
gon_male_vdef,Z4.aapaappaa
gon_male_vdef,Z4.aapaappap
gon_male_vdef,Z4.aapaappp
gon_male_vdef,Z4.aapapa
gon_male_vdef,Z4.aapapp
gon_male_vdef,Z4.aappa
gon_male_vdef,Z1.paaaaaa
gon_male_vdef,Z1.paaaaap
gon_male_vdef,Z1.paaaapaa
gon_male_vdef,Z1.paaaapap
gon_male_vdef,Z1.paaaappaa
gon_male_vdef,Z1.paaaappap
gon_male_vdef,Z1.paaaappp
gon_male_vdef,Z1.paaapa
gon_male_vdef,Z1.paaapp
gon_male_vdef,Z1.paapa
hmc,MS appaaa
hyp1,AB alpaapppa
hyp1,AB araaapppp
hyp1,AB arappaapa
hyp2,AB alpaapppp
hyp2,AB alpapaaap
hyp3,AB plaapaaaa
hyp3,AB praapaaaa
hyp4,AB arpapapa
hyp4,AB plaappaa
hyp4,AB praappaa
hyp5,AB arpappap
hyp5,AB plaaapap
hyp6,AB arpaapaa
hyp6,AB arpapapp
hyp6,AB plaaaapa
hyp6,AB plaaaapp
hyp6,AB plaappap
hyp6,AB praappap
hyp7,AB arpaapap
hyp7,AB arpaappa
hyp7,AB arpaappp
hyp7,AB arppaapa
hyp7,AB arpppapa
hyp7,AB plaapppa
hyp7,AB plaapppp
hyp7,AB plappppa
hyp7,AB praapppa
hyp7,AB praapppp
hyp7,AB prappppa
hyp7,C aaaaa
hyp7,C aaaap
hyp7,C aaapa
hyp7,C aaapp
hyp7,C aappd
hyp7,C paaaa
hyp7,C paaap
hyp7,C paapa
hyp7,C paapp
hyp7,C papaa
hyp7,C papap
hyp7,C pappd
hyp7,H1L.apa
hyp7,H1L.appa
hyp7,H1L.p
hyp7,H1R.apa
hyp7,H1R.appa
hyp7,H1R.p
hyp7,H2L.ap
hyp7,H2L.pa
hyp7,H2L.ppa
hyp7,H2L.pppa
hyp7,H2R.ap
hyp7,H2R.pa
hyp7,H2R.ppa
hyp7,H2R.pppa
hyp7,V1L.a
hyp7,V1L.paa
hyp7,V1L.papa
hyp7,V1L.pappa
hyp7,V1L.ppa
hyp7,V1L.pppa
hyp7,V1L.ppppa
hyp7,V1R.a
hyp7,V1R.paa
hyp7,V1R.papa
hyp7,V1R.pappa
hyp7,V1R.ppa
hyp7,V1R.pppa
hyp7,V1R.ppppa
hyp7,V2L.a
hyp7,V2L.paa
hyp7,V2L.papa
hyp7,V2L.pappa
hyp7,V2L.ppa
hyp7,V2L.pppa
hyp7,V2L.ppppa
hyp7,V2R.a
hyp7,V2R.paa
hyp7,V2R.papa
hyp7,V2R.pappa
hyp7,V2R.ppa
hyp7,V2R.pppa
hyp7,V2R.ppppa
hyp7,V3L.a
hyp7,V3L.paa
hyp7,V3L.papa
hyp7,V3L.pappa
hyp7,V3L.ppa
hyp7,V3L.pppa
hyp7,V3L.ppppa
hyp7,V3R.a
hyp7,V3R.paa
hyp7,V3R.papa
hyp7,V3R.pappa
hyp7,V3R.ppa
hyp7,V3R.pppa
hyp7,V3R.ppppa
hyp7,V4L.a
hyp7,V4L.paa
hyp7,V4L.papa
hyp7,V4L.pappa
hyp7,V4L.ppa
hyp7,V4L.pppa
hyp7,V4L.ppppa
hyp7,V4R.a
hyp7,V4R.paa
hyp7,V4R.papa
hyp7,V4R.pappa
hyp7,V4R.ppa
hyp7,V4R.pppa
hyp7,V4R.ppppa
hyp7,V5L.a
hyp7,V5L.ppa
hyp7,V5L.pppa
hyp7,V5L.ppppa
hyp7,V5R.a
hyp7,V5R.ppa
hyp7,V5R.pppa
hyp7,V5R.ppppa
hyp7,V6L.a
hyp7,V6L.paa
hyp7,V6L.papa
hyp7,V6L.pappa
hyp7,V6L.ppa
hyp7,V6L.pppa
hyp7,V6L.ppppa
hyp7,V6R.a
hyp7,V6R.paa
hyp7,V6R.papa
hyp7,V6R.pappa
hyp7,V6R.ppa
hyp7,V6R.pppa
hyp7,V6R.ppppa
hyp7,TL.aa
hyp7,TL.apaa
hyp7,TL.apap
hyp7,TR.aa
hyp7,TR.apaa
hyp7,TR.apap
hyp7,V5L.a
hyp7,V5L.ppa
hyp7,V5L.pppaa
hyp7,V5L.pppapa
hyp7,V5L.ppppa
hyp7,V5R.a
hyp7,V5R.ppa
hyp7,V5R.pppa
hyp7,V5R.pppapa
hyp7,V5R.ppppa
hyp7,V6L.a
hyp7,V6L.paa
hyp7,V6L.papaa
hyp7,V6L.pappa
hyp7,V6L.ppa
hyp7,V6L.pppaa
hyp7,V6L.ppppap
hyp7,V6R.a
hyp7,V6R.paa
hyp7,V6R.papaa
hyp7,V6R.pappa
hyp7,V6R.ppa
hyp7,V6R.pppaa
hyp7,V6R.ppppap
hyp7,TL.aa
hyp7,TL.apaa
hyp7,TL.apapa
hyp7,TL.apappp
hyp7,TL.appaap
hyp7,TL.appapp
hyp7,TR.aa
hyp7,TR.apaa
hyp7,TR.apapa
hyp7,TR.apappp
hyp7,TR.appaap
hyp7,TR.appapp
hyp7,P1.p
hyp7,P2.p
hyp7,P3.pa
hyp7,P3.pp
hyp7,P4.pa
hyp7,P4.pp
hyp7,P8.pa
hyp7,P8.pp
hyp7,P9.p
hyp7,P10.p
hyp7,P11.p
hyp7,P3.p
hyp7,P4.p
hyp7,P5.p
hyp7,P6.p
hyp7,P7.p
hyp7,P8.p
hyp7,P10.papa
hyp7,P10.paap
hyp7,P10.paaa
hyp8/9,AB plpppapap
hyp8/9,AB prpppapap
hyp10,AB plppppppp
hyp10,AB prppppppp
hyp11,C pappv
hyp12,P12.pa
hyp_hook,P10.papp
hyp_hook,P11.ppaa
hyp_hook,P11.ppap
hyp_hook,P11.ppp
int,E alaad
int,E alaav
int,E alap
int,E alpa
int,E alpp
int,E araad
int,E araav
int,E arap
int,E arpa
int,E arpp
int,E plaa
int,E plap
int,E plpa
int,E plppa
int,E plppp
int,E praa
int,E prap
int,E prpa
int,E prppa
int,E prppp
int,In.a
int,In.p
linker_killer,U.lp or U.rp
pm1DL,AB araapaaap
pm1DR,AB araappaap
pm1L,AB araaaaaap
pm1R,AB araaaaapp
pm1VL,AB alpaaaapa
pm1VR,AB arapaaapa
pm2DL,AB araapaapa
pm2DR,AB araappapa
pm2L,AB alpaaapaa
pm2R,AB arapaapaa
pm2VL,AB alpaaaaap
pm2VR,AB arapaaaap
pm3DL,MS aaapaaa
pm3DR,MS paaaapa
pm3L,AB alpaapapp
pm3R,AB arapaappa
pm3VL,AB alpappppp
pm3VR,AB arapapppp
pm4DL,MS aaaaapp
pm4DR,MS paaaapp
pm4L,MS aaapaap
pm4R,AB araaapapp
pm4VL,MS aapaaaa
pm4VR,MS papaaaa
pm5DL,MS aaaapap
pm5DR,MS paaappa
pm5L,AB araapapap
pm5R,AB araapppap
pm5VL,MS aapaaap
pm5VR,MS papaaap
pm6D,MS paaappp
pm6VL,MS aapappa
ppm6VR,MS papappa
pm7D,MS aaaappp
pm7VL,MS aapaapp
pm7VR,MS papaapp
pm8,MS aaapapp
mc1DL,AB alpaapapa
mc1DR,AB araaapapa
mc1V,AB alpappppa
mc2DL,AB araapaapp
mc2DR,AB araappapp
mc2V,AB arapapppa
mc3DL,MS aaapapa
mc3DR,MS paapapa
mc3V,AB alpappapp
mu_anal,AB plpppppap
mu_bod,AB prpppppaa
mu_bod,C apaaaa
mu_bod,C apaaap
mu_bod,C apaapa
mu_bod,C apaapp
mu_bod,C apapaa
mu_bod,C apapap
mu_bod,C apappa
mu_bod,C apappp
mu_bod,C appaaa
mu_bod,C appaap
mu_bod,C appapa
mu_bod,C appapp
mu_bod,C apppaa
mu_bod,C apppap
mu_bod,C appppd
mu_bod,C appppv
mu_bod,C ppaaaa
mu_bod,C ppaaap
mu_bod,C ppaapa
mu_bod,C ppaapp
mu_bod,C ppapaa
mu_bod,C ppapap
mu_bod,C ppappa
mu_bod,C ppappp
mu_bod,C pppaaa
mu_bod,C pppaap
mu_bod,C pppapa
mu_bod,C pppapp
mu_bod,C ppppaa
mu_bod,C ppppap
mu_bod,C pppppd
mu_bod,C pppppv
mu_bod,D aaaa
mu_bod,D aaap
mu_bod,D aapa
mu_bod,D aapp
mu_bod,D apaa
mu_bod,D apap
mu_bod,D appaa
mu_bod,D appap
mu_bod,D apppa
mu_bod,D apppp
mu_bod,D paaa
mu_bod,D paap
mu_bod,D papa
mu_bod,D ppap
mu_bod,D ppaa
mu_bod,D ppap
mu_bod,D pppaa
mu_bod,D pppap
mu_bod,D ppppa
mu_bod,D ppppp
mu_bod,MS aapppaa
mu_bod,MS aapppap
mu_bod,MS aappppa
mu_bod,MS aappppp
mu_bod,MS apaaap
mu_bod,MS apapap
mu_bod,MS apappa
mu_bod,MS apappp
mu_bod,MS appapp
mu_bod,MS apppaa
mu_bod,MS apppap
mu_bod,MS appppa
mu_bod,MS appppp
mu_bod,MS pappaa
mu_bod,MS pappap
mu_bod,MS papppaa
mu_bod,MS papppap
mu_bod,MS pappppa
mu_bod,MS pappppp
mu_bod,MS ppaaap
mu_bod,MS ppapap
mu_bod,MS ppappa
mu_bod,MS ppappp
mu_bod,MS pppapp
mu_bod,MS ppppaa
mu_bod,MS ppppap
mu_bod,MS pppppa
mu_bod,MS pppppp
mu_bod,M.dlaa
mu_bod,M.dlap
mu_bod,M.dlpp
mu_bod,M.draa
mu_bod,M.drap
mu_bod,M.drpp
mu_bod,M.vlaa
mu_bod,M.vlap
mu_bod,M.vlpap
mu_bod,M.vlpp
mu_bod,M.vraa
mu_bod,M.vrap
mu_bod,M.vrpap
mu_bod,M.vrpp
mu_int_L,AB plpppppaa
mu_int_R,MS ppaapp
mu_male_diag,M.dlpaaaap
mu_male_diag,M.dlpaaapa
mu_male_diag,M.dlpaaapp
mu_male_diag,M.dlpaapaa
mu_male_diag,M.dlpaapap
mu_male_diag,M.dlpapaaa
mu_male_diag,M.dlpapaap
mu_male_diag,M.drpaaaap
mu_male_diag,M.drpaaapa
mu_male_diag,M.drpaaapp
mu_male_diag,M.drpaapaa
mu_male_diag,M.drpaappa
mu_male_diag,M.drpaapap
mu_male_diag,M.drpapaaa
mu_male_diag,M.drpapaap
mu_male_gub,M.dlpappap
mu_male_gub,M.drpappap
mu_male_gub,M.dlpapapa
mu_male_gub,M.drpapapa
mu_male_long,M.vlpaaaaa
mu_male_long,M.vlpaaaap
mu_male_long,M.vlpaaapa
mu_male_long,M.vlpaaapp
mu_male_long,M.vlpaapp
mu_male_long,M.vrpaaaaa
mu_male_long,M.vrpaaaap
mu_male_long,M.vrpaaapa
mu_male_long,M.vrpaaapp
mu_male_long,M.vrpaapp
mu_male_obliq,M.dlpapapp
mu_male_obliq,M.dlpappaa
mu_male_obliq,M.drpapapp
mu_male_obliq,M.drpappap
mu_male_spic,M.dlpaaaaa
mu_male_spic,M.dlpaappa
mu_male_spic,M.dlpaappp
mu_male_spic,M.prpaaaaa
mu_male_spic,M.drpaappp
mu_male_spic,M.drpappaa
mu_male_spic,M.vlpaapa
mu_male_spic,M.vrpaapa
mu_sph,AB prpppppap
um2,M.vlpaaaaa
um1,M.vlpaaaap
um1,M.vlpaappa
um2,M.vlpaappp
um2,M.vrpaaaaa
um1,M.vrpaaaap
um1,M.vrpaappa
um2,M.vrpaappp
vm2,M.vlpaaapa
vm1,M.vlpaaapp
vm1,M.vlpaapaa
vm2,M.vlpaapap
vm2,M.vrpaaapa
vm1,M.vrpaaapp
vm1,M.vrpaapaa
vm2,M.vrpaapap
proct,B.alaalv/B.araalv
proct,B.alaarv/B.araarv
proct,B.alapaad
proct,B.alapapa
proct,B.alapapp
proct,B.alappv
proct,B.alppalv/B.arppalv
proct,B.alppald/B.arppald
proct,B.alpparv/B.arpparv
proct,B.alppl/B.arppl
proct,B.alppr/B.arppr
proct,B.arapaad
proct,B.arapapa
proct,B.arapapp
proct,B.arappv
proct,B.paa
proct,B.pap
proct,B.pppa
proct,F.lvv
proct,F.rvv
R1_hyp,"V5.pppppp, R1.p"
R2_hyp,"V6.papapp, R2.p"
R3_hyp,"V6.papppp, R3.p"
R4_hyp,"V6.pppapp, R4.p"
R5_hyp,"V6.ppppap, R5.p"
R6_hyp,"V6.pppppp, R6.p"
R7_hyp,"T.apappp, R7.p"
R8_hyp,"T.appaap, R8.p"
R9_hyp,"T.appapp, R9.p"
rect_D,AB plpappppp
rect_VL,AB plppppaap
rect_VR,AB prppppaap
se,H1L.aa
se,H1L.appp
se,H1R.aa
se,H1R.appp
se,H2L.pppp
se,H2R.pppp
se,V1L.pappp
se,V1L.ppppp
se,V1R.pappp
se,V1R.ppppp
se,V2L.pappp
se,V2L.ppppp
se,V2R.pappp
se,V2R.ppppp
se,V3L.pappp
se,V3L.ppppp
se,V3R.pappp
se,V3R.ppppp
se,V4L.pappp
se,V4L.ppppp
se,V4R.pappp
se,V4R.ppppp
se_herm,V5L.ppppp
se_herm,V5R.ppppp
se_herm,V6L.pappp
se_herm,V6L.ppppp
se_herm,V6R.pappp
se_herm,V6R.ppppp
se_herm,TL.appa
se_herm,TR.appa
se_male,V5L.pppapp
se_male,V5R.pppapp
set,V5L.pppppp
set,V5R.pppppp
set,V6L.papapp
set,V6L.papppp
set,V6L.pppapp
set,V6L.pppppp
set,V6R.papapp
set,V6R.papppp
set,V6R.pppapp
set,V6R.pppppp
spike,AB plppppppa
spike,Ab prppppppa
virL,AB prpappppp
virR,AB prpappppa
vpi1,MS paapapp
vpi2DL,MS aapappp
vpi2DR,MS papappp
vpi2V,MS aappaa
vpi3D,MS aaappp
vpi3V,MS aappap
vulva,P5.paaa
vulva,P5.paap
vulva,P5.papa
vulva,P5.papp
vulva,P5.ppal
vulva,P5.ppar
vulva,P5.ppp
vulva,P6.paal
vulva,P6.paar
vulva,P6.papl
vulva,P6.papr
vulva,P6.ppal
vulva,P6.ppar
vulva,P6.pppl
vulva,P6.pppr
vulva,P7.paa
vulva,P7.papl
vulva,P7.papr
vulva,P7.ppaa
vulva,P7.ppap
vulva,P7.pppa
vulva,P7.pppp
